<?xml version="1.0" encoding="UTF-8"?>
<databaseChangeLog
        xmlns="http://www.liquibase.org/xml/ns/dbchangelog"
        xmlns:xsi="http://www.w3.org/2001/XMLSchema-instance"
        xmlns:pro="http://www.liquibase.org/xml/ns/pro"
        xsi:schemaLocation="http://www.liquibase.org/xml/ns/dbchangelog
      http://www.liquibase.org/xml/ns/dbchangelog/dbchangelog-4.1.xsd
      http://www.liquibase.org/xml/ns/pro
      http://www.liquibase.org/xml/ns/pro/liquibase-pro-4.1.xsd">
    <changeSet author="subrata" id="1">
        <addColumn tableName="person">
            <column name="address" type="varchar(255)"/>
            <column afterColumn="id" name="PAN" type="varchar(50)">
                <constraints nullable="false" />
            </column>
        </addColumn>
    </changeSet>
    <changeSet author="subrata" id="2">
        <addAutoIncrement columnDataType="INTEGER"
                          columnName="id"
                          incrementBy="1"
                          schemaName="liquibase"
                          startWith="100"
                          tableName="person"/>
    </changeSet>
</databaseChangeLog>